{
  "strings": {
    "key1": "string value 1",
    "key2": "string value 2",
    "key3": "string value 3",
    "key4": "string value 4",
    "key5": "string\u0000containing\u0000\u0000zeros",
    "key3-ref": "string value 3",
    "key4-ref": "string value 4"
  },
  "special": {
    "int0": 0,
    "int1": 1,
    "int2": 2,
    "int3": 3,
    "int4": 4,
    "int5": 5,
    "int6": 6,
    "int7": 7,
    "int8": 8,
    "int9": 9,
    "false": false,
    "true": true,
    "null": null,
    "nan": NaN,
    "neg inf": -Infinity,
    "pos inf": Infinity
  },
  "typed values": {
    "i8 ": -123,
    "i16": -1234,
    "i32": -12356789,
    "i64": -1234567891234567,
    "u8 ": 123,
    "u16": 1234,
    "u32": 12356789,
    "u64": 1234567891234567,
    "f16": 1.0,
    "f32": 123123.125,
    "f64": 123.123123123123,
    "big neg int": -123456789123456789123456789,
    "big pos int": 123456789123456789123456789
  },
  "typed arrays": {
    "i8 ": [
      -4,
      -3,
      -2,
      -1,
      0,
      1,
      2,
      3,
      4
    ],
    "i16": [
      -4,
      -3,
      -2,
      -1,
      0,
      1,
      2,
      3,
      4
    ],
    "i32": [
      -4,
      -3,
      -2,
      -1,
      0,
      1,
      2,
      3,
      4
    ],
    "i64": [
      -4,
      -3,
      -2,
      -1,
      0,
      1,
      2,
      3,
      4
    ],
    "u8 ": [
      0,
      1,
      2,
      3,
      4
    ],
    "u16": [
      0,
      1,
      2,
      3,
      4
    ],
    "u32": [
      0,
      1,
      2,
      3,
      4
    ],
    "u64": [
      0,
      1,
      2,
      3,
      4
    ],
    "f16": [
      1.2001953125,
      3.400390625,
      5.6015625
    ],
    "f32": [
      1.2000000476837158,
      3.4000000953674316,
      5.599999904632568
    ],
    "f64": [
      1.2,
      3.4,
      5.6
    ],
    "leb128": [
      -123456789123456789123456789,
      123456789123456789123456789
    ],
    "chunked": [
      0,
      1,
      2,
      3,
      4,
      5,
      6,
      7,
      8,
      9,
      10,
      11,
      12,
      13,
      14
    ]
  },
  "lists": {
    "3 strings": [
      "a",
      "simple",
      "list"
    ],
    "2 empty lists": [
      [],
      []
    ],
    "2 empty dicts": [
      {},
      {}
    ]
  },
  "dicts": {
    "typed keys": "#TODO"
  },
  "tags": {
    "magic": "should be skipped",
    "pad before": [
      "padded",
      "items"
    ],
    "count string": "\u043f\u0440\u0438\u0432\u0456\u0442",
    "count list": [
      "a",
      "b",
      "c"
    ],
    "count dict": {
      "k1": "a",
      "k2": "b"
    },
    "size": {
      "k1": "a",
      "k2": "b"
    },
    "multiple tags": [
      "1",
      "2",
      "3"
    ]
  }
}
